id,author,category,summary,title,url,timestamp
6f37o,ninzee,justforkids,,The Largest Butterfly in The World,http://funnbee.info/2008/04/largest-butterfly-in-world.html,09-04-2008 15:00
6dcuk,moxiepuff,justforkids,,Fun and Games from CBC Kids,http://www.cbc.ca/kids/,26-03-2008 09:57
6cyvv,ninzee,justforkids,,Incredible pop-up alphabet book,http://drawn.ca/2008/03/21/abc3d-incredible-pop-up-alphabet-book/,22-03-2008 14:36
88b1e,moxiepuff,justforkids,,Free Papercrafts To Print Out And Build!,http://thetoymaker.com/,29-03-2009 17:51
6hv4k,ninzee,justforkids,,13 Science Experiments for kids,http://www.guardian.co.uk/theguardian/2008/may/02/sciencecourse,02-05-2008 15:36
6frzv,ninzee,justforkids,, Swimming with polar bears,http://fogonazos.blogspot.com/2006/06/swimming-with-polar-bears.html,15-04-2008 12:49
6fmhr,Haven,justforkids,,"Snow Owl, floating (pic)",http://photo.net/photodb/photo?photo_id=6897475,14-04-2008 07:11
6fk2o,Haven,justforkids,,Feed The Head - Cool flash game (any age),http://www.vectorpark.com/head/,13-04-2008 09:50
6eziw,ninzee,justforkids,,Attention Children:  The Bathroom Door is Closed!,http://www.realityparenting.com/joke-doorclosed.html,08-04-2008 22:52
6eifl,ninzee,justforkids,,"Boy, 9, scoops world record by balancing 16 spoons on his face",http://www.dailymail.co.uk/pages/live/articles/news/news.html?in_article_id=555529&in_page_id=1770,04-04-2008 11:41
6ei2t,ninzee,justforkids,,Barcode clock (Cool),http://www.barcodeart.com/art/clock/clock_frames.html,04-04-2008 10:10
6e4xo,ninzee,justforkids,,April fools for kids,http://www.csmonitor.com/2008/0401/p19s01-hfks.html,01-04-2008 20:52
6df0u,ninzee,justforkids,,"Space Shuttle, The Earth, and The International Space Station [Pic] ",http://www.spaceflight.nasa.gov/gallery/images/shuttle/sts-123/hires/s123e009210.jpg,26-03-2008 21:48
6dd8v,moxiepuff,justforkids,,Kamala the Painting Elephant,http://www.calgaryzoo.org/HelpingTheZoo/Donations/kamala_paintings.htm,26-03-2008 11:36
6dd86,moxiepuff,justforkids,,Dav Pilkey's Extra-Crunchy Website-O-Fun!,http://www.pilkey.com/,26-03-2008 11:30
6d8us,ninzee,justforkids,,Smile you're on ele-vision: How a camera attached to an elephant's trunk captured amazing jungle views,http://www.dailymail.co.uk/pages/live/articles/news/news.html?in_article_id=543994&in_page_id=1770&ito=newsnow,25-03-2008 14:24
6d8k2,ninzee,justforkids,,Holding The Sun Illusion [Pics],http://www.funcram.com/pictures/holding-the-sun-illusion.html,25-03-2008 12:41
6czp6,ninzee,justforkids,,Amazing Sea Anemone Defense Mechanism,http://www.fliggo.com/video/I0GQQsPD,22-03-2008 22:31
6hrdc,ninzee,justforkids,,Quiz: See how many of these 'green' things you can guess.,http://www.csmonitor.com/2008/0501/p17s01-hfks.html,01-05-2008 21:57
6flmk,ninzee,justforkids,,Fun Geography Game,http://minijuegos.com/juegos/html/index.php?id=5974,14-04-2008 01:18
6feao,SeguroKC,justforkids,,Coolest. Magic Pen Game. Evar,http://www.bubblebox.com/play/puzzle/975.htm,11-04-2008 22:30
6f9cf,ninzee,justforkids,,A short Simpsons Quiz,http://news.bbc.co.uk/cbbcnews/hi/newsid_1730000/newsid_1738700/1738757.stm,10-04-2008 22:33
6ezu0,ninzee,justforkids,,Design Your Own Space Age Bedroom,http://www.vam.ac.uk/vastatic/microsites/1742_moc_spaceagegame/,09-04-2008 00:43
6eult,ninzee,justforkids,,Wordsearch puzzle,http://news.bbc.co.uk/cbbcnews/hi/newsid_3940000/newsid_3944700/3944765.stm,07-04-2008 23:47
6eqkk,ninzee,justforkids,,See-through frog [Pic],http://flickr.com/photos/24258801@N08/2388576212/sizes/o/,06-04-2008 15:23
6dvwa,ninzee,justforkids,,"View of a Space Shuttle launch, seen from an on board camera mounted on top of the fuel tank",http://www.youtube.com/watch?v=4qWWgvzWHUs&feature=related,30-03-2008 14:05
6dcsw,ninzee,justforkids,,"Kittens fur spells ""I love Dot"". Read to see what his mom is called.",http://www.news10.net/display_story.aspx?storyid=39894,26-03-2008 09:46
6d9bx,SeguroKC,justforkids,,Man looks just like Homer Simpson (SCARY),http://bp2.blogger.com/_8tYhjRqm9wo/R-KrxEf-aaI/AAAAAAAAAEY/qXAa3n-vHqQ/s1600-h/realhomer.jpg,25-03-2008 17:06
6cvuc,ninzee,justforkids,, Galapagos giant tortoise has baby at 70 [with sooo cute pics],http://www.telegraph.co.uk/earth/main.jhtml?xml=/earth/2008/03/20/eatort120.xml,21-03-2008 22:45
6cvtz,SeguroKC,justforkids,,"Boomerang returns, even in space",http://www.abc.net.au/news/stories/2008/03/21/2196406.htm,21-03-2008 22:41
6cvt7,ninzee,justforkids,,The machine that allows dogs to play fetch by themselves,http://www.dailymail.co.uk/pages/live/articles/technology/technology.html?in_article_id=540373&in_page_id=1965,21-03-2008 22:28
6cvsp,ninzee,justforkids,,How giant amplifiers can help Mr Moose hear for miles,http://www.dailymail.co.uk/pages/live/articles/news/news.html?in_article_id=541028&in_page_id=1770,21-03-2008 22:22
6cvqk,SeguroKC,justforkids,,A Winter of Freaky Weather,http://news.nationalgeographic.com/news/2008/03/photogalleries/winter-pictures/index.html,21-03-2008 21:47
6cqlr,ninzee,justforkids,,Meet the pony that leads the blind,http://www.metro.co.uk/news/article.html?in_article_id=122698&in_page_id=34,20-03-2008 18:35
6cpz8,ninzee,justforkids,,Fun and games from the BBC...no ads (Best for 5-11 years old),http://www.bbc.co.uk/schools/bitesizeprimary/,20-03-2008 14:47
6cm7u,ninzee,justforkids,,Fun and games with familiar TV and book characters...with no ads. (Best for 3-7 years old),http://pbskids.org/,19-03-2008 22:04
6cjvt,ninzee,justforkids,,"Amateur archaeologist finds 28 stone-age axes at the bottom of the North Sea, possibly up to 100,000 years old",http://news.nationalgeographic.com/news/2008/03/080317-hand-axes.html,19-03-2008 09:51
6cjrt,ninzee,justforkids,,The Largest Animals to Scale ( pic ),http://img461.imageshack.us/img461/4776/biglargetj5.jpg,19-03-2008 09:25
6cjr8,ninzee,justforkids,,Museum Workers Uncovering Mummified Dinosaur,http://www.newsvine.com/_news/2008/03/18/1373946-workers-uncovering-mummified-dinosaur,19-03-2008 09:21
6cfws,ninzee,justforkids,,Striped icebergs photographed in Antarctic waters,http://www.dailymail.co.uk/pages/live/articles/technology/technology.html?in_article_id=536928&in_page_id=1965,18-03-2008 14:42
6cfjf,ninzee,justforkids,,Final Harry Potter book will be made into two movies,http://news.bbc.co.uk/2/hi/entertainment/7293513.stm,18-03-2008 12:47
6c1pz,ninzee,justforkids,,The earth at night  [Pic],http://incredimazing.com/page/Earth_at_Night-686,14-03-2008 22:39
6c1oq,ninzee,justforkids,,"Meet Thumbelina, the world's smallest horse",http://www.dailymail.co.uk/pages/live/articles/news/news.html?in_article_id=409317&in_page_id=1770,14-03-2008 22:23
6c1og,ninzee,justforkids,,Bear in trouble with the law for stealing honey,http://news.bbc.co.uk/2/hi/7295559.stm?lsm,14-03-2008 22:20
6c1o4,ninzee,justforkids,,Cat or Meerkat? [Pic],http://img406.imageshack.us/img406/2913/dailyselection064zm2.jpg,14-03-2008 22:16
6c1nu,ninzee,justforkids,,Space shuttle launch at night [Pic],http://www.flickr.com/photos/wcouch/2326512402/sizes/l/,14-03-2008 22:15
6c1nc,ninzee,justforkids,,A Baby Kiwi Is Born,http://www.livescience.com/imageoftheday/siod_080313.html,14-03-2008 22:10
6c1n8,ninzee,justforkids,,Glacier National Park [Pics],http://ngm.nationalgeographic.com/ngm/0709/glacier-waterton/melford-photography.html,14-03-2008 22:09
6c1n1,ninzee,justforkids,,Ten things you donâ€™t know about the Milky Way Galaxy,http://www.badastronomy.com/bablog/2008/03/12/ten-things-you-dont-know-about-the-milky-way-galaxy/,14-03-2008 22:08
6c1ms,ninzee,justforkids,,Google Sky,http://www.google.com/sky/,14-03-2008 22:07
